<?xml version="1.0" encoding="utf-8" ?><dwsync><file name="campus_gummersabach.jpg" server="advm1.gm.fh-koeln.de/public_html/schlagzeugweltrekord/" local="3404474146" remote="16291789128" /><file name="campus_gummersbach_hof.jpg" server="advm1.gm.fh-koeln.de/public_html/schlagzeugweltrekord/" local="3405497254" remote="16291789128" /><file name="fachhochschule_gebaeude.jpg" server="advm1.gm.fh-koeln.de/public_html/schlagzeugweltrekord/" local="3404468680" remote="16291789128" /><file name="fans_konzert.jpg" server="advm1.gm.fh-koeln.de/public_html/schlagzeugweltrekord/" local="3404468494" remote="16291789128" /><file name="gluehbirne.jpg" server="advm1.gm.fh-koeln.de/public_html/schlagzeugweltrekord/" local="3405495246" remote="16291789128" /><file name="logo.jpg" server="advm1.gm.fh-koeln.de/public_html/schlagzeugweltrekord/" local="3405498336" remote="16291789128" /><file name="logo.svg" server="advm1.gm.fh-koeln.de/public_html/schlagzeugweltrekord/" local="3404464626" remote="16291789128" /><file name="objektiv_einer_fotokamera.jpg" server="advm1.gm.fh-koeln.de/public_html/schlagzeugweltrekord/" local="3405495120" remote="16291789128" /><file name="offener_karton.jpg" server="advm1.gm.fh-koeln.de/public_html/schlagzeugweltrekord/" local="3405495176" remote="16291789128" /><file name="pfeil_links.png" server="advm1.gm.fh-koeln.de/public_html/schlagzeugweltrekord/" local="3405495786" remote="16291789128" /><file name="pfeil_links.svg" server="advm1.gm.fh-koeln.de/public_html/schlagzeugweltrekord/" local="3405495746" remote="16291789128" /><file name="pfeil_rechts.png" server="advm1.gm.fh-koeln.de/public_html/schlagzeugweltrekord/" local="3405495808" remote="16291789128" /><file name="pfeil_rechts.svg" server="advm1.gm.fh-koeln.de/public_html/schlagzeugweltrekord/" local="3405495798" remote="16291789128" /><file name="schatten_teaser.jpg" server="advm1.gm.fh-koeln.de/public_html/schlagzeugweltrekord/" local="3403766035" remote="16291789128" /><file name="schlagzeug.jpg" server="advm1.gm.fh-koeln.de/public_html/schlagzeugweltrekord/" local="3405495380" remote="16291789128" /><file name="schlagzeug_sonor.jpg" server="advm1.gm.fh-koeln.de/public_html/schlagzeugweltrekord/" local="3404469022" remote="16291789128" /><file name="schlagzeuger_mit_schlagzeug.jpg" server="advm1.gm.fh-koeln.de/public_html/schlagzeugweltrekord/" local="3404468316" remote="16291789128" /><file name="sprechblase.png" server="advm1.gm.fh-koeln.de/public_html/schlagzeugweltrekord/" local="3404469638" remote="16291789128" /><file name="teaser.jpg" server="advm1.gm.fh-koeln.de/public_html/schlagzeugweltrekord/" local="3404463636" remote="16291789128" /><file name="tweet.jpg" server="advm1.gm.fh-koeln.de/public_html/schlagzeugweltrekord/" local="3403762314" remote="16291789128" /></dwsync>